{
  "class_names": [
    "ranad",
    "saw",
    "sing",
    "khong_vong",
    "pin",
    "khean"
  ],
  "feature_type": "mel_spectrogram",
  "n_mels": 128,
  "sample_rate": 44100,
  "segment_duration": 6.0,
  "n_fft": 2048,
  "hop_length": 512,
  "fmax": 8000,
  "input_shape": [
    128,
    null,
    1
  ],
  "kfold_cross_validation": true,
  "kfold_results": {
    "fold_accuracies": [
      0.9747416377067566,
      0.9977037906646729,
      0.9517795443534851,
      0.9667049050331116,
      0.9988518953323364
    ],
    "mean_accuracy": 0.9779563546180725,
    "std_accuracy": 0.018158963463628965
  },
  "label_smoothing": 0.1,
  "dropout_rate": 0.6,
  "l2_regularization": 0.003,
  "softmax_temperature": 1.5
}